Site,Sensor,Date Of Read,Original Value (m (head)),Validated Value (m (head)),Validation Flag
"01-001-038-7911-8197","01-001-038-7911-8197 (Pressure)",03/02/2025 00:00:00,21.90000,21.90000,"O"
"01-001-038-7911-8197","01-001-038-7911-8197 (Pressure)",03/02/2025 00:15:00,22.10000,22.10000,"O"
"01-001-038-7911-8197","01-001-038-7911-8197 (Pressure)",03/02/2025 00:30:00,20.20000,20.20000,"O"
"01-001-038-7911-8197","01-001-038-7911-8197 (Pressure)",03/02/2025 00:45:00,20.00000,20.00000,"O"
"01-001-038-7911-8197","01-001-038-7911-8197 (Pressure)",03/02/2025 01:00:00,19.90000,19.90000,"O"
"01-001-038-7911-8197","01-001-038-7911-8197 (Pressure)",03/02/2025 01:15:00,20.00000,20.00000,"O"
"01-001-038-7911-8197","01-001-038-7911-8197 (Pressure)",03/02/2025 01:30:00,19.90000,19.90000,"O"
"01-001-038-7911-8197","01-001-038-7911-8197 (Pressure)",03/02/2025 01:45:00,19.90000,19.90000,"O"
"01-001-038-7911-8197","01-001-038-7911-8197 (Pressure)",03/02/2025 02:00:00,20.10000,20.10000,"O"
"01-001-038-7911-8197","01-001-038-7911-8197 (Pressure)",03/02/2025 02:15:00,19.90000,19.90000,"O"
"01-001-038-7911-8197","01-001-038-7911-8197 (Pressure)",03/02/2025 02:30:00,20.10000,20.10000,"O"
"01-001-038-7911-8197","01-001-038-7911-8197 (Pressure)",03/02/2025 02:45:00,20.00000,20.00000,"O"
"01-001-038-7911-8197","01-001-038-7911-8197 (Pressure)",03/02/2025 03:00:00,19.80000,19.80000,"O"
"01-001-038-7911-8197","01-001-038-7911-8197 (Pressure)",03/02/2025 03:15:00,20.10000,20.10000,"O"
"01-001-038-7911-8197","01-001-038-7911-8197 (Pressure)",03/02/2025 03:30:00,20.00000,20.00000,"O"
"01-001-038-7911-8197","01-001-038-7911-8197 (Pressure)",03/02/2025 03:45:00,20.00000,20.00000,"O"
"01-001-038-7911-8197","01-001-038-7911-8197 (Pressure)",03/02/2025 04:00:00,20.00000,20.00000,"O"
"01-001-038-7911-8197","01-001-038-7911-8197 (Pressure)",03/02/2025 04:15:00,19.90000,19.90000,"O"
"01-001-038-7911-8197","01-001-038-7911-8197 (Pressure)",03/02/2025 04:30:00,19.90000,19.90000,"O"
"01-001-038-7911-8197","01-001-038-7911-8197 (Pressure)",03/02/2025 04:45:00,20.10000,20.10000,"O"
"01-001-038-7911-8197","01-001-038-7911-8197 (Pressure)",03/02/2025 05:00:00,20.10000,20.10000,"O"
"01-001-038-7911-8197","01-001-038-7911-8197 (Pressure)",03/02/2025 05:15:00,21.90000,21.90000,"O"
"01-001-038-7911-8197","01-001-038-7911-8197 (Pressure)",03/02/2025 05:30:00,21.90000,21.90000,"O"
"01-001-038-7911-8197","01-001-038-7911-8197 (Pressure)",03/02/2025 05:45:00,21.90000,21.90000,"O"
"01-001-038-7911-8197","01-001-038-7911-8197 (Pressure)",03/02/2025 06:00:00,21.90000,21.90000,"O"
"01-001-038-7911-8197","01-001-038-7911-8197 (Pressure)",03/02/2025 06:15:00,21.90000,21.90000,"O"
"01-001-038-7911-8197","01-001-038-7911-8197 (Pressure)",03/02/2025 06:30:00,22.40000,22.40000,"O"
"01-001-038-7911-8197","01-001-038-7911-8197 (Pressure)",03/02/2025 06:45:00,22.40000,22.40000,"O"
"01-001-038-7911-8197","01-001-038-7911-8197 (Pressure)",03/02/2025 07:00:00,22.10000,22.10000,"O"
"01-001-038-7911-8197","01-001-038-7911-8197 (Pressure)",03/02/2025 07:15:00,22.20000,22.20000,"O"
"01-001-038-7911-8197","01-001-038-7911-8197 (Pressure)",03/02/2025 07:30:00,22.40000,22.40000,"O"
"01-001-038-7911-8197","01-001-038-7911-8197 (Pressure)",03/02/2025 07:45:00,22.00000,22.00000,"O"
"01-001-038-7911-8197","01-001-038-7911-8197 (Pressure)",03/02/2025 08:00:00,21.30000,21.30000,"O"
"01-001-038-7911-8197","01-001-038-7911-8197 (Pressure)",03/02/2025 08:15:00,21.80000,21.80000,"O"
"01-001-038-7911-8197","01-001-038-7911-8197 (Pressure)",03/02/2025 08:30:00,22.30000,22.30000,"O"
"01-001-038-7911-8197","01-001-038-7911-8197 (Pressure)",03/02/2025 08:45:00,22.50000,22.50000,"O"
"01-001-038-7911-8197","01-001-038-7911-8197 (Pressure)",03/02/2025 09:00:00,22.40000,22.40000,"O"
"01-001-038-7911-8197","01-001-038-7911-8197 (Pressure)",03/02/2025 09:15:00,22.70000,22.70000,"O"
"01-001-038-7911-8197","01-001-038-7911-8197 (Pressure)",03/02/2025 09:30:00,22.80000,22.80000,"O"
"01-001-038-7911-8197","01-001-038-7911-8197 (Pressure)",03/02/2025 09:45:00,23.30000,23.30000,"O"
"01-001-038-7911-8197","01-001-038-7911-8197 (Pressure)",03/02/2025 10:00:00,23.10000,23.10000,"O"
"01-001-038-7911-8197","01-001-038-7911-8197 (Pressure)",03/02/2025 10:15:00,23.10000,23.10000,"O"
"01-001-038-7911-8197","01-001-038-7911-8197 (Pressure)",03/02/2025 10:30:00,23.00000,23.00000,"O"
"01-001-038-7911-8197","01-001-038-7911-8197 (Pressure)",03/02/2025 10:45:00,22.00000,22.00000,"O"
"01-001-038-7911-8197","01-001-038-7911-8197 (Pressure)",03/02/2025 11:00:00,22.60000,22.60000,"O"
"01-001-038-7911-8197","01-001-038-7911-8197 (Pressure)",03/02/2025 11:15:00,22.40000,22.40000,"O"
"01-001-038-7911-8197","01-001-038-7911-8197 (Pressure)",03/02/2025 11:30:00,22.30000,22.30000,"O"
"01-001-038-7911-8197","01-001-038-7911-8197 (Pressure)",03/02/2025 11:45:00,22.40000,22.40000,"O"
"01-001-038-7911-8197","01-001-038-7911-8197 (Pressure)",03/02/2025 12:00:00,22.70000,22.70000,"O"
"01-001-038-7911-8197","01-001-038-7911-8197 (Pressure)",03/02/2025 12:15:00,22.10000,22.10000,"O"
"01-001-038-7911-8197","01-001-038-7911-8197 (Pressure)",03/02/2025 12:30:00,22.00000,22.00000,"O"
"01-001-038-7911-8197","01-001-038-7911-8197 (Pressure)",03/02/2025 12:45:00,22.10000,22.10000,"O"
"01-001-038-7911-8197","01-001-038-7911-8197 (Pressure)",03/02/2025 13:00:00,22.10000,22.10000,"O"
"01-001-038-7911-8197","01-001-038-7911-8197 (Pressure)",03/02/2025 13:15:00,22.20000,22.20000,"O"
"01-001-038-7911-8197","01-001-038-7911-8197 (Pressure)",03/02/2025 13:30:00,22.40000,22.40000,"O"
"01-001-038-7911-8197","01-001-038-7911-8197 (Pressure)",03/02/2025 13:45:00,22.00000,22.00000,"O"
"01-001-038-7911-8197","01-001-038-7911-8197 (Pressure)",03/02/2025 14:00:00,22.40000,22.40000,"O"
"01-001-038-7911-8197","01-001-038-7911-8197 (Pressure)",03/02/2025 14:15:00,22.50000,22.50000,"O"
"01-001-038-7911-8197","01-001-038-7911-8197 (Pressure)",03/02/2025 14:30:00,22.20000,22.20000,"O"
"01-001-038-7911-8197","01-001-038-7911-8197 (Pressure)",03/02/2025 14:45:00,22.20000,22.20000,"O"
"01-001-038-7911-8197","01-001-038-7911-8197 (Pressure)",03/02/2025 15:00:00,22.60000,22.60000,"O"
"01-001-038-7911-8197","01-001-038-7911-8197 (Pressure)",03/02/2025 15:15:00,22.20000,22.20000,"O"
"01-001-038-7911-8197","01-001-038-7911-8197 (Pressure)",03/02/2025 15:30:00,22.10000,22.10000,"O"
"01-001-038-7911-8197","01-001-038-7911-8197 (Pressure)",03/02/2025 15:45:00,22.30000,22.30000,"O"
"01-001-038-7911-8197","01-001-038-7911-8197 (Pressure)",03/02/2025 16:00:00,22.40000,22.40000,"O"
"01-001-038-7911-8197","01-001-038-7911-8197 (Pressure)",03/02/2025 16:15:00,22.20000,22.20000,"O"
"01-001-038-7911-8197","01-001-038-7911-8197 (Pressure)",03/02/2025 16:30:00,21.90000,21.90000,"O"
"01-001-038-7911-8197","01-001-038-7911-8197 (Pressure)",03/02/2025 16:45:00,22.20000,22.20000,"O"
"01-001-038-7911-8197","01-001-038-7911-8197 (Pressure)",03/02/2025 17:00:00,21.80000,21.80000,"O"
"01-001-038-7911-8197","01-001-038-7911-8197 (Pressure)",03/02/2025 17:15:00,22.00000,22.00000,"O"
"01-001-038-7911-8197","01-001-038-7911-8197 (Pressure)",03/02/2025 17:30:00,21.70000,21.70000,"O"
"01-001-038-7911-8197","01-001-038-7911-8197 (Pressure)",03/02/2025 17:45:00,22.30000,22.30000,"O"
"01-001-038-7911-8197","01-001-038-7911-8197 (Pressure)",03/02/2025 18:00:00,22.30000,22.30000,"O"
"01-001-038-7911-8197","01-001-038-7911-8197 (Pressure)",03/02/2025 18:15:00,22.40000,22.40000,"O"
"01-001-038-7911-8197","01-001-038-7911-8197 (Pressure)",03/02/2025 18:30:00,21.70000,21.70000,"O"
"01-001-038-7911-8197","01-001-038-7911-8197 (Pressure)",03/02/2025 18:45:00,22.00000,22.00000,"O"
"01-001-038-7911-8197","01-001-038-7911-8197 (Pressure)",03/02/2025 19:00:00,22.40000,22.40000,"O"
"01-001-038-7911-8197","01-001-038-7911-8197 (Pressure)",03/02/2025 19:15:00,22.80000,22.80000,"O"
"01-001-038-7911-8197","01-001-038-7911-8197 (Pressure)",03/02/2025 19:30:00,22.40000,22.40000,"O"
"01-001-038-7911-8197","01-001-038-7911-8197 (Pressure)",03/02/2025 19:45:00,22.00000,22.00000,"O"
"01-001-038-7911-8197","01-001-038-7911-8197 (Pressure)",03/02/2025 20:00:00,22.20000,22.20000,"O"
"01-001-038-7911-8197","01-001-038-7911-8197 (Pressure)",03/02/2025 20:15:00,22.70000,22.70000,"O"
"01-001-038-7911-8197","01-001-038-7911-8197 (Pressure)",03/02/2025 20:30:00,22.20000,22.20000,"O"
"01-001-038-7911-8197","01-001-038-7911-8197 (Pressure)",03/02/2025 20:45:00,22.10000,22.10000,"O"
"01-001-038-7911-8197","01-001-038-7911-8197 (Pressure)",03/02/2025 21:00:00,22.40000,22.40000,"O"
"01-001-038-7911-8197","01-001-038-7911-8197 (Pressure)",03/02/2025 21:15:00,22.20000,22.20000,"O"
"01-001-038-7911-8197","01-001-038-7911-8197 (Pressure)",03/02/2025 21:30:00,22.70000,22.70000,"O"
"01-001-038-7911-8197","01-001-038-7911-8197 (Pressure)",03/02/2025 21:45:00,22.50000,22.50000,"O"
"01-001-038-7911-8197","01-001-038-7911-8197 (Pressure)",03/02/2025 22:00:00,22.20000,22.20000,"O"
"01-001-038-7911-8197","01-001-038-7911-8197 (Pressure)",03/02/2025 22:15:00,22.70000,22.70000,"O"
"01-001-038-7911-8197","01-001-038-7911-8197 (Pressure)",03/02/2025 22:30:00,22.10000,22.10000,"O"
"01-001-038-7911-8197","01-001-038-7911-8197 (Pressure)",03/02/2025 22:45:00,22.80000,22.80000,"O"
"01-001-038-7911-8197","01-001-038-7911-8197 (Pressure)",03/02/2025 23:00:00,22.00000,22.00000,"O"
"01-001-038-7911-8197","01-001-038-7911-8197 (Pressure)",03/02/2025 23:15:00,22.40000,22.40000,"O"
"01-001-038-7911-8197","01-001-038-7911-8197 (Pressure)",03/02/2025 23:30:00,22.10000,22.10000,"O"
"01-001-038-7911-8197","01-001-038-7911-8197 (Pressure)",03/02/2025 23:45:00,21.90000,21.90000,"O"
"01-001-038-7911-8197","01-001-038-7911-8197 (Pressure)",04/02/2025 00:00:00,22.00000,22.00000,"O"
"01-001-038-7911-8197","01-001-038-7911-8197 (Pressure)",04/02/2025 00:15:00,22.20000,22.20000,"O"
"01-001-038-7911-8197","01-001-038-7911-8197 (Pressure)",04/02/2025 00:30:00,20.60000,20.60000,"O"
"01-001-038-7911-8197","01-001-038-7911-8197 (Pressure)",04/02/2025 00:45:00,20.10000,20.10000,"O"
"01-001-038-7911-8197","01-001-038-7911-8197 (Pressure)",04/02/2025 01:00:00,19.80000,19.80000,"O"
"01-001-038-7911-8197","01-001-038-7911-8197 (Pressure)",04/02/2025 01:15:00,19.90000,19.90000,"O"
"01-001-038-7911-8197","01-001-038-7911-8197 (Pressure)",04/02/2025 01:30:00,19.90000,19.90000,"O"
"01-001-038-7911-8197","01-001-038-7911-8197 (Pressure)",04/02/2025 01:45:00,19.90000,19.90000,"O"
"01-001-038-7911-8197","01-001-038-7911-8197 (Pressure)",04/02/2025 02:00:00,19.80000,19.80000,"O"
"01-001-038-7911-8197","01-001-038-7911-8197 (Pressure)",04/02/2025 02:15:00,19.90000,19.90000,"O"
"01-001-038-7911-8197","01-001-038-7911-8197 (Pressure)",04/02/2025 02:30:00,20.00000,20.00000,"O"
"01-001-038-7911-8197","01-001-038-7911-8197 (Pressure)",04/02/2025 02:45:00,19.90000,19.90000,"O"
"01-001-038-7911-8197","01-001-038-7911-8197 (Pressure)",04/02/2025 03:00:00,19.90000,19.90000,"O"
"01-001-038-7911-8197","01-001-038-7911-8197 (Pressure)",04/02/2025 03:15:00,19.80000,19.80000,"O"
"01-001-038-7911-8197","01-001-038-7911-8197 (Pressure)",04/02/2025 03:30:00,19.80000,19.80000,"O"
"01-001-038-7911-8197","01-001-038-7911-8197 (Pressure)",04/02/2025 03:45:00,19.80000,19.80000,"O"
"01-001-038-7911-8197","01-001-038-7911-8197 (Pressure)",04/02/2025 04:00:00,19.90000,19.90000,"O"
"01-001-038-7911-8197","01-001-038-7911-8197 (Pressure)",04/02/2025 04:15:00,20.00000,20.00000,"O"
"01-001-038-7911-8197","01-001-038-7911-8197 (Pressure)",04/02/2025 04:30:00,20.10000,20.10000,"O"
"01-001-038-7911-8197","01-001-038-7911-8197 (Pressure)",04/02/2025 04:45:00,20.00000,20.00000,"O"
"01-001-038-7911-8197","01-001-038-7911-8197 (Pressure)",04/02/2025 05:00:00,20.00000,20.00000,"O"
"01-001-038-7911-8197","01-001-038-7911-8197 (Pressure)",04/02/2025 05:15:00,21.90000,21.90000,"O"
"01-001-038-7911-8197","01-001-038-7911-8197 (Pressure)",04/02/2025 05:30:00,21.80000,21.80000,"O"
"01-001-038-7911-8197","01-001-038-7911-8197 (Pressure)",04/02/2025 05:45:00,21.80000,21.80000,"O"
"01-001-038-7911-8197","01-001-038-7911-8197 (Pressure)",04/02/2025 06:00:00,22.10000,22.10000,"O"
"01-001-038-7911-8197","01-001-038-7911-8197 (Pressure)",04/02/2025 06:15:00,22.00000,22.00000,"O"
"01-001-038-7911-8197","01-001-038-7911-8197 (Pressure)",04/02/2025 06:30:00,22.30000,22.30000,"O"
"01-001-038-7911-8197","01-001-038-7911-8197 (Pressure)",04/02/2025 06:45:00,22.40000,22.40000,"O"
"01-001-038-7911-8197","01-001-038-7911-8197 (Pressure)",04/02/2025 07:00:00,22.10000,22.10000,"O"
"01-001-038-7911-8197","01-001-038-7911-8197 (Pressure)",04/02/2025 07:15:00,19.70000,19.70000,"O"
"01-001-038-7911-8197","01-001-038-7911-8197 (Pressure)",04/02/2025 07:30:00,21.90000,21.90000,"O"
"01-001-038-7911-8197","01-001-038-7911-8197 (Pressure)",04/02/2025 07:45:00,22.00000,22.00000,"O"
"01-001-038-7911-8197","01-001-038-7911-8197 (Pressure)",04/02/2025 08:00:00,21.70000,21.70000,"O"
"01-001-038-7911-8197","01-001-038-7911-8197 (Pressure)",04/02/2025 08:15:00,22.10000,22.10000,"O"
"01-001-038-7911-8197","01-001-038-7911-8197 (Pressure)",04/02/2025 08:30:00,22.20000,22.20000,"O"
"01-001-038-7911-8197","01-001-038-7911-8197 (Pressure)",04/02/2025 08:45:00,22.90000,22.90000,"O"
"01-001-038-7911-8197","01-001-038-7911-8197 (Pressure)",04/02/2025 09:00:00,23.60000,23.60000,"O"
"01-001-038-7911-8197","01-001-038-7911-8197 (Pressure)",04/02/2025 09:15:00,22.80000,22.80000,"O"
"01-001-038-7911-8197","01-001-038-7911-8197 (Pressure)",04/02/2025 09:30:00,22.20000,22.20000,"O"
"01-001-038-7911-8197","01-001-038-7911-8197 (Pressure)",04/02/2025 09:45:00,22.50000,22.50000,"O"
"01-001-038-7911-8197","01-001-038-7911-8197 (Pressure)",04/02/2025 10:00:00,22.50000,22.50000,"O"
"01-001-038-7911-8197","01-001-038-7911-8197 (Pressure)",04/02/2025 10:15:00,22.50000,22.50000,"O"
"01-001-038-7911-8197","01-001-038-7911-8197 (Pressure)",04/02/2025 10:30:00,22.30000,22.30000,"O"
"01-001-038-7911-8197","01-001-038-7911-8197 (Pressure)",04/02/2025 10:45:00,21.80000,21.80000,"O"
"01-001-038-7911-8197","01-001-038-7911-8197 (Pressure)",04/02/2025 11:00:00,22.80000,22.80000,"O"
"01-001-038-7911-8197","01-001-038-7911-8197 (Pressure)",04/02/2025 11:15:00,22.50000,22.50000,"O"
"01-001-038-7911-8197","01-001-038-7911-8197 (Pressure)",04/02/2025 11:30:00,22.30000,22.30000,"O"
"01-001-038-7911-8197","01-001-038-7911-8197 (Pressure)",04/02/2025 11:45:00,22.10000,22.10000,"O"
"01-001-038-7911-8197","01-001-038-7911-8197 (Pressure)",04/02/2025 12:00:00,22.70000,22.70000,"O"
"01-001-038-7911-8197","01-001-038-7911-8197 (Pressure)",04/02/2025 12:15:00,22.20000,22.20000,"O"
"01-001-038-7911-8197","01-001-038-7911-8197 (Pressure)",04/02/2025 12:30:00,22.40000,22.40000,"O"
"01-001-038-7911-8197","01-001-038-7911-8197 (Pressure)",04/02/2025 12:45:00,22.50000,22.50000,"O"
"01-001-038-7911-8197","01-001-038-7911-8197 (Pressure)",04/02/2025 13:00:00,19.10000,19.10000,"O"
"01-001-038-7911-8197","01-001-038-7911-8197 (Pressure)",04/02/2025 13:15:00,23.20000,23.20000,"O"
"01-001-038-7911-8197","01-001-038-7911-8197 (Pressure)",04/02/2025 13:30:00,22.20000,22.20000,"O"
"01-001-038-7911-8197","01-001-038-7911-8197 (Pressure)",04/02/2025 13:45:00,22.40000,22.40000,"O"
"01-001-038-7911-8197","01-001-038-7911-8197 (Pressure)",04/02/2025 14:00:00,22.00000,22.00000,"O"
"01-001-038-7911-8197","01-001-038-7911-8197 (Pressure)",04/02/2025 14:15:00,22.20000,22.20000,"O"
"01-001-038-7911-8197","01-001-038-7911-8197 (Pressure)",04/02/2025 14:30:00,21.80000,21.80000,"O"
"01-001-038-7911-8197","01-001-038-7911-8197 (Pressure)",04/02/2025 14:45:00,21.90000,21.90000,"O"
"01-001-038-7911-8197","01-001-038-7911-8197 (Pressure)",04/02/2025 15:00:00,22.20000,22.20000,"O"
"01-001-038-7911-8197","01-001-038-7911-8197 (Pressure)",04/02/2025 15:15:00,21.70000,21.70000,"O"
"01-001-038-7911-8197","01-001-038-7911-8197 (Pressure)",04/02/2025 15:30:00,22.20000,22.20000,"O"
"01-001-038-7911-8197","01-001-038-7911-8197 (Pressure)",04/02/2025 15:45:00,22.00000,22.00000,"O"
"01-001-038-7911-8197","01-001-038-7911-8197 (Pressure)",04/02/2025 16:00:00,21.80000,21.80000,"O"
"01-001-038-7911-8197","01-001-038-7911-8197 (Pressure)",04/02/2025 16:15:00,22.10000,22.10000,"O"
"01-001-038-7911-8197","01-001-038-7911-8197 (Pressure)",04/02/2025 16:30:00,22.20000,22.20000,"O"
"01-001-038-7911-8197","01-001-038-7911-8197 (Pressure)",04/02/2025 16:45:00,22.50000,22.50000,"O"
"01-001-038-7911-8197","01-001-038-7911-8197 (Pressure)",04/02/2025 17:00:00,22.30000,22.30000,"O"
"01-001-038-7911-8197","01-001-038-7911-8197 (Pressure)",04/02/2025 17:15:00,22.90000,22.90000,"O"
"01-001-038-7911-8197","01-001-038-7911-8197 (Pressure)",04/02/2025 17:30:00,21.70000,21.70000,"O"
"01-001-038-7911-8197","01-001-038-7911-8197 (Pressure)",04/02/2025 17:45:00,22.40000,22.40000,"O"
"01-001-038-7911-8197","01-001-038-7911-8197 (Pressure)",04/02/2025 18:00:00,21.90000,21.90000,"O"
"01-001-038-7911-8197","01-001-038-7911-8197 (Pressure)",04/02/2025 18:15:00,22.20000,22.20000,"O"
"01-001-038-7911-8197","01-001-038-7911-8197 (Pressure)",04/02/2025 18:30:00,22.30000,22.30000,"O"
"01-001-038-7911-8197","01-001-038-7911-8197 (Pressure)",04/02/2025 18:45:00,22.80000,22.80000,"O"
"01-001-038-7911-8197","01-001-038-7911-8197 (Pressure)",04/02/2025 19:00:00,22.30000,22.30000,"O"
"01-001-038-7911-8197","01-001-038-7911-8197 (Pressure)",04/02/2025 19:15:00,22.30000,22.30000,"O"
"01-001-038-7911-8197","01-001-038-7911-8197 (Pressure)",04/02/2025 19:30:00,22.40000,22.40000,"O"
"01-001-038-7911-8197","01-001-038-7911-8197 (Pressure)",04/02/2025 19:45:00,22.40000,22.40000,"O"
"01-001-038-7911-8197","01-001-038-7911-8197 (Pressure)",04/02/2025 20:00:00,22.90000,22.90000,"O"
"01-001-038-7911-8197","01-001-038-7911-8197 (Pressure)",04/02/2025 20:15:00,22.60000,22.60000,"O"
"01-001-038-7911-8197","01-001-038-7911-8197 (Pressure)",04/02/2025 20:30:00,22.60000,22.60000,"O"
"01-001-038-7911-8197","01-001-038-7911-8197 (Pressure)",04/02/2025 20:45:00,22.20000,22.20000,"O"
"01-001-038-7911-8197","01-001-038-7911-8197 (Pressure)",04/02/2025 21:00:00,22.00000,22.00000,"O"
"01-001-038-7911-8197","01-001-038-7911-8197 (Pressure)",04/02/2025 21:15:00,22.40000,22.40000,"O"
"01-001-038-7911-8197","01-001-038-7911-8197 (Pressure)",04/02/2025 21:30:00,22.40000,22.40000,"O"
"01-001-038-7911-8197","01-001-038-7911-8197 (Pressure)",04/02/2025 21:45:00,22.30000,22.30000,"O"
"01-001-038-7911-8197","01-001-038-7911-8197 (Pressure)",04/02/2025 22:00:00,22.60000,22.60000,"O"
"01-001-038-7911-8197","01-001-038-7911-8197 (Pressure)",04/02/2025 22:15:00,22.60000,22.60000,"O"
"01-001-038-7911-8197","01-001-038-7911-8197 (Pressure)",04/02/2025 22:30:00,22.50000,22.50000,"O"
"01-001-038-7911-8197","01-001-038-7911-8197 (Pressure)",04/02/2025 22:45:00,22.10000,22.10000,"O"
"01-001-038-7911-8197","01-001-038-7911-8197 (Pressure)",04/02/2025 23:00:00,22.20000,22.20000,"O"
"01-001-038-7911-8197","01-001-038-7911-8197 (Pressure)",04/02/2025 23:15:00,22.40000,22.40000,"O"
"01-001-038-7911-8197","01-001-038-7911-8197 (Pressure)",04/02/2025 23:30:00,21.90000,21.90000,"O"
"01-001-038-7911-8197","01-001-038-7911-8197 (Pressure)",04/02/2025 23:45:00,21.90000,21.90000,"O"
"01-001-038-7911-8197","01-001-038-7911-8197 (Pressure)",05/02/2025 00:00:00,22.00000,22.00000,"O"
"01-001-038-7911-8197","01-001-038-7911-8197 (Pressure)",05/02/2025 00:15:00,22.10000,22.10000,"O"
"01-001-038-7911-8197","01-001-038-7911-8197 (Pressure)",05/02/2025 00:30:00,20.20000,20.20000,"O"
"01-001-038-7911-8197","01-001-038-7911-8197 (Pressure)",05/02/2025 00:45:00,19.90000,19.90000,"O"
"01-001-038-7911-8197","01-001-038-7911-8197 (Pressure)",05/02/2025 01:00:00,19.80000,19.80000,"O"
"01-001-038-7911-8197","01-001-038-7911-8197 (Pressure)",05/02/2025 01:15:00,20.10000,20.10000,"O"
"01-001-038-7911-8197","01-001-038-7911-8197 (Pressure)",05/02/2025 01:30:00,20.00000,20.00000,"O"
"01-001-038-7911-8197","01-001-038-7911-8197 (Pressure)",05/02/2025 01:45:00,20.20000,20.20000,"O"
"01-001-038-7911-8197","01-001-038-7911-8197 (Pressure)",05/02/2025 02:00:00,20.10000,20.10000,"O"
"01-001-038-7911-8197","01-001-038-7911-8197 (Pressure)",05/02/2025 02:15:00,20.10000,20.10000,"O"
"01-001-038-7911-8197","01-001-038-7911-8197 (Pressure)",05/02/2025 02:30:00,20.10000,20.10000,"O"
"01-001-038-7911-8197","01-001-038-7911-8197 (Pressure)",05/02/2025 02:45:00,19.90000,19.90000,"O"
"01-001-038-7911-8197","01-001-038-7911-8197 (Pressure)",05/02/2025 03:00:00,20.10000,20.10000,"O"
"01-001-038-7911-8197","01-001-038-7911-8197 (Pressure)",05/02/2025 03:15:00,20.00000,20.00000,"O"
"01-001-038-7911-8197","01-001-038-7911-8197 (Pressure)",05/02/2025 03:30:00,20.00000,20.00000,"O"
"01-001-038-7911-8197","01-001-038-7911-8197 (Pressure)",05/02/2025 03:45:00,19.90000,19.90000,"O"
"01-001-038-7911-8197","01-001-038-7911-8197 (Pressure)",05/02/2025 04:00:00,19.90000,19.90000,"O"
"01-001-038-7911-8197","01-001-038-7911-8197 (Pressure)",05/02/2025 04:15:00,20.10000,20.10000,"O"
"01-001-038-7911-8197","01-001-038-7911-8197 (Pressure)",05/02/2025 04:30:00,20.10000,20.10000,"O"
"01-001-038-7911-8197","01-001-038-7911-8197 (Pressure)",05/02/2025 04:45:00,20.00000,20.00000,"O"
"01-001-038-7911-8197","01-001-038-7911-8197 (Pressure)",05/02/2025 05:00:00,20.10000,20.10000,"O"
"01-001-038-7911-8197","01-001-038-7911-8197 (Pressure)",05/02/2025 05:15:00,21.80000,21.80000,"O"
"01-001-038-7911-8197","01-001-038-7911-8197 (Pressure)",05/02/2025 05:30:00,21.80000,21.80000,"O"
"01-001-038-7911-8197","01-001-038-7911-8197 (Pressure)",05/02/2025 05:45:00,21.90000,21.90000,"O"
"01-001-038-7911-8197","01-001-038-7911-8197 (Pressure)",05/02/2025 06:00:00,22.00000,22.00000,"O"
"01-001-038-7911-8197","01-001-038-7911-8197 (Pressure)",05/02/2025 06:15:00,21.80000,21.80000,"O"
"01-001-038-7911-8197","01-001-038-7911-8197 (Pressure)",05/02/2025 06:30:00,21.60000,21.60000,"O"
"01-001-038-7911-8197","01-001-038-7911-8197 (Pressure)",05/02/2025 06:45:00,22.10000,22.10000,"O"
"01-001-038-7911-8197","01-001-038-7911-8197 (Pressure)",05/02/2025 07:00:00,22.30000,22.30000,"O"
"01-001-038-7911-8197","01-001-038-7911-8197 (Pressure)",05/02/2025 07:15:00,22.00000,22.00000,"O"
"01-001-038-7911-8197","01-001-038-7911-8197 (Pressure)",05/02/2025 07:30:00,21.60000,21.60000,"O"
"01-001-038-7911-8197","01-001-038-7911-8197 (Pressure)",05/02/2025 07:45:00,20.80000,20.80000,"O"
"01-001-038-7911-8197","01-001-038-7911-8197 (Pressure)",05/02/2025 08:00:00,22.90000,22.90000,"O"
"01-001-038-7911-8197","01-001-038-7911-8197 (Pressure)",05/02/2025 08:15:00,22.60000,22.60000,"O"
"01-001-038-7911-8197","01-001-038-7911-8197 (Pressure)",05/02/2025 08:30:00,21.60000,21.60000,"O"
"01-001-038-7911-8197","01-001-038-7911-8197 (Pressure)",05/02/2025 08:45:00,22.70000,22.70000,"O"
"01-001-038-7911-8197","01-001-038-7911-8197 (Pressure)",05/02/2025 09:00:00,22.50000,22.50000,"O"
"01-001-038-7911-8197","01-001-038-7911-8197 (Pressure)",05/02/2025 09:15:00,23.30000,23.30000,"O"
"01-001-038-7911-8197","01-001-038-7911-8197 (Pressure)",05/02/2025 09:30:00,23.00000,23.00000,"O"
"01-001-038-7911-8197","01-001-038-7911-8197 (Pressure)",05/02/2025 09:45:00,22.80000,22.80000,"O"
"01-001-038-7911-8197","01-001-038-7911-8197 (Pressure)",05/02/2025 10:00:00,22.60000,22.60000,"O"
"01-001-038-7911-8197","01-001-038-7911-8197 (Pressure)",05/02/2025 10:15:00,22.30000,22.30000,"O"
"01-001-038-7911-8197","01-001-038-7911-8197 (Pressure)",05/02/2025 10:30:00,22.50000,22.50000,"O"
"01-001-038-7911-8197","01-001-038-7911-8197 (Pressure)",05/02/2025 10:45:00,22.90000,22.90000,"O"
"01-001-038-7911-8197","01-001-038-7911-8197 (Pressure)",05/02/2025 11:00:00,22.40000,22.40000,"O"
"01-001-038-7911-8197","01-001-038-7911-8197 (Pressure)",05/02/2025 11:15:00,22.90000,22.90000,"O"
"01-001-038-7911-8197","01-001-038-7911-8197 (Pressure)",05/02/2025 11:30:00,22.50000,22.50000,"O"
"01-001-038-7911-8197","01-001-038-7911-8197 (Pressure)",05/02/2025 11:45:00,22.70000,22.70000,"O"
"01-001-038-7911-8197","01-001-038-7911-8197 (Pressure)",05/02/2025 12:00:00,22.10000,22.10000,"O"
"01-001-038-7911-8197","01-001-038-7911-8197 (Pressure)",05/02/2025 12:15:00,22.40000,22.40000,"O"
"01-001-038-7911-8197","01-001-038-7911-8197 (Pressure)",05/02/2025 12:30:00,22.00000,22.00000,"O"
"01-001-038-7911-8197","01-001-038-7911-8197 (Pressure)",05/02/2025 12:45:00,22.10000,22.10000,"O"
"01-001-038-7911-8197","01-001-038-7911-8197 (Pressure)",05/02/2025 13:00:00,22.00000,22.00000,"O"
"01-001-038-7911-8197","01-001-038-7911-8197 (Pressure)",05/02/2025 13:15:00,22.20000,22.20000,"O"
"01-001-038-7911-8197","01-001-038-7911-8197 (Pressure)",05/02/2025 13:30:00,22.20000,22.20000,"O"
"01-001-038-7911-8197","01-001-038-7911-8197 (Pressure)",05/02/2025 13:45:00,22.20000,22.20000,"O"
"01-001-038-7911-8197","01-001-038-7911-8197 (Pressure)",05/02/2025 14:00:00,22.40000,22.40000,"O"
"01-001-038-7911-8197","01-001-038-7911-8197 (Pressure)",05/02/2025 14:15:00,22.00000,22.00000,"O"
"01-001-038-7911-8197","01-001-038-7911-8197 (Pressure)",05/02/2025 14:30:00,22.20000,22.20000,"O"
"01-001-038-7911-8197","01-001-038-7911-8197 (Pressure)",05/02/2025 14:45:00,22.10000,22.10000,"O"
"01-001-038-7911-8197","01-001-038-7911-8197 (Pressure)",05/02/2025 15:00:00,22.20000,22.20000,"O"
"01-001-038-7911-8197","01-001-038-7911-8197 (Pressure)",05/02/2025 15:15:00,22.20000,22.20000,"O"
"01-001-038-7911-8197","01-001-038-7911-8197 (Pressure)",05/02/2025 15:30:00,21.70000,21.70000,"O"
"01-001-038-7911-8197","01-001-038-7911-8197 (Pressure)",05/02/2025 15:45:00,22.00000,22.00000,"O"
"01-001-038-7911-8197","01-001-038-7911-8197 (Pressure)",05/02/2025 16:00:00,22.00000,22.00000,"O"
"01-001-038-7911-8197","01-001-038-7911-8197 (Pressure)",05/02/2025 16:15:00,22.20000,22.20000,"O"
"01-001-038-7911-8197","01-001-038-7911-8197 (Pressure)",05/02/2025 16:30:00,22.60000,22.60000,"O"
"01-001-038-7911-8197","01-001-038-7911-8197 (Pressure)",05/02/2025 16:45:00,22.40000,22.40000,"O"
"01-001-038-7911-8197","01-001-038-7911-8197 (Pressure)",05/02/2025 17:00:00,22.40000,22.40000,"O"
"01-001-038-7911-8197","01-001-038-7911-8197 (Pressure)",05/02/2025 17:15:00,22.20000,22.20000,"O"
"01-001-038-7911-8197","01-001-038-7911-8197 (Pressure)",05/02/2025 17:30:00,22.20000,22.20000,"O"
"01-001-038-7911-8197","01-001-038-7911-8197 (Pressure)",05/02/2025 17:45:00,22.10000,22.10000,"O"
"01-001-038-7911-8197","01-001-038-7911-8197 (Pressure)",05/02/2025 18:00:00,21.90000,21.90000,"O"
"01-001-038-7911-8197","01-001-038-7911-8197 (Pressure)",05/02/2025 18:15:00,21.90000,21.90000,"O"
"01-001-038-7911-8197","01-001-038-7911-8197 (Pressure)",05/02/2025 18:30:00,22.30000,22.30000,"O"
"01-001-038-7911-8197","01-001-038-7911-8197 (Pressure)",05/02/2025 18:45:00,21.70000,21.70000,"O"
"01-001-038-7911-8197","01-001-038-7911-8197 (Pressure)",05/02/2025 19:00:00,22.80000,22.80000,"O"
"01-001-038-7911-8197","01-001-038-7911-8197 (Pressure)",05/02/2025 19:15:00,22.20000,22.20000,"O"
"01-001-038-7911-8197","01-001-038-7911-8197 (Pressure)",05/02/2025 19:30:00,22.40000,22.40000,"O"
"01-001-038-7911-8197","01-001-038-7911-8197 (Pressure)",05/02/2025 19:45:00,23.50000,23.50000,"O"
"01-001-038-7911-8197","01-001-038-7911-8197 (Pressure)",05/02/2025 20:00:00,22.50000,22.50000,"O"
"01-001-038-7911-8197","01-001-038-7911-8197 (Pressure)",05/02/2025 20:15:00,22.70000,22.70000,"O"
"01-001-038-7911-8197","01-001-038-7911-8197 (Pressure)",05/02/2025 20:30:00,22.10000,22.10000,"O"
"01-001-038-7911-8197","01-001-038-7911-8197 (Pressure)",05/02/2025 20:45:00,22.40000,22.40000,"O"
"01-001-038-7911-8197","01-001-038-7911-8197 (Pressure)",05/02/2025 21:00:00,21.90000,21.90000,"O"
"01-001-038-7911-8197","01-001-038-7911-8197 (Pressure)",05/02/2025 21:15:00,22.10000,22.10000,"O"
"01-001-038-7911-8197","01-001-038-7911-8197 (Pressure)",05/02/2025 21:30:00,22.20000,22.20000,"O"
"01-001-038-7911-8197","01-001-038-7911-8197 (Pressure)",05/02/2025 21:45:00,21.70000,21.70000,"O"
"01-001-038-7911-8197","01-001-038-7911-8197 (Pressure)",05/02/2025 22:00:00,22.60000,22.60000,"O"
"01-001-038-7911-8197","01-001-038-7911-8197 (Pressure)",05/02/2025 22:15:00,22.00000,22.00000,"O"
"01-001-038-7911-8197","01-001-038-7911-8197 (Pressure)",05/02/2025 22:30:00,22.30000,22.30000,"O"
"01-001-038-7911-8197","01-001-038-7911-8197 (Pressure)",05/02/2025 22:45:00,22.40000,22.40000,"O"
"01-001-038-7911-8197","01-001-038-7911-8197 (Pressure)",05/02/2025 23:00:00,22.40000,22.40000,"O"
"01-001-038-7911-8197","01-001-038-7911-8197 (Pressure)",05/02/2025 23:15:00,22.00000,22.00000,"O"
"01-001-038-7911-8197","01-001-038-7911-8197 (Pressure)",05/02/2025 23:30:00,22.70000,22.70000,"O"
"01-001-038-7911-8197","01-001-038-7911-8197 (Pressure)",05/02/2025 23:45:00,22.00000,22.00000,"O"
"01-001-038-7911-8197","01-001-038-7911-8197 (Pressure)",06/02/2025 00:00:00,22.00000,22.00000,"O"
"01-001-038-7911-8197","01-001-038-7911-8197 (Pressure)",06/02/2025 00:15:00,22.30000,22.30000,"O"
"01-001-038-7911-8197","01-001-038-7911-8197 (Pressure)",06/02/2025 00:30:00,20.30000,20.30000,"O"
"01-001-038-7911-8197","01-001-038-7911-8197 (Pressure)",06/02/2025 00:45:00,20.10000,20.10000,"O"
"01-001-038-7911-8197","01-001-038-7911-8197 (Pressure)",06/02/2025 01:00:00,20.10000,20.10000,"O"
"01-001-038-7911-8197","01-001-038-7911-8197 (Pressure)",06/02/2025 01:15:00,20.20000,20.20000,"O"
"01-001-038-7911-8197","01-001-038-7911-8197 (Pressure)",06/02/2025 01:30:00,20.10000,20.10000,"O"
"01-001-038-7911-8197","01-001-038-7911-8197 (Pressure)",06/02/2025 01:45:00,20.20000,20.20000,"O"
"01-001-038-7911-8197","01-001-038-7911-8197 (Pressure)",06/02/2025 02:00:00,20.10000,20.10000,"O"
"01-001-038-7911-8197","01-001-038-7911-8197 (Pressure)",06/02/2025 02:15:00,20.20000,20.20000,"O"
"01-001-038-7911-8197","01-001-038-7911-8197 (Pressure)",06/02/2025 02:30:00,20.20000,20.20000,"O"
"01-001-038-7911-8197","01-001-038-7911-8197 (Pressure)",06/02/2025 02:45:00,20.10000,20.10000,"O"
"01-001-038-7911-8197","01-001-038-7911-8197 (Pressure)",06/02/2025 03:00:00,20.30000,20.30000,"O"
"01-001-038-7911-8197","01-001-038-7911-8197 (Pressure)",06/02/2025 03:15:00,20.20000,20.20000,"O"
"01-001-038-7911-8197","01-001-038-7911-8197 (Pressure)",06/02/2025 03:30:00,20.20000,20.20000,"O"
"01-001-038-7911-8197","01-001-038-7911-8197 (Pressure)",06/02/2025 03:45:00,20.00000,20.00000,"O"
"01-001-038-7911-8197","01-001-038-7911-8197 (Pressure)",06/02/2025 04:00:00,20.10000,20.10000,"O"
"01-001-038-7911-8197","01-001-038-7911-8197 (Pressure)",06/02/2025 04:15:00,20.00000,20.00000,"O"
"01-001-038-7911-8197","01-001-038-7911-8197 (Pressure)",06/02/2025 04:30:00,20.40000,20.40000,"O"
"01-001-038-7911-8197","01-001-038-7911-8197 (Pressure)",06/02/2025 04:45:00,20.20000,20.20000,"O"
"01-001-038-7911-8197","01-001-038-7911-8197 (Pressure)",06/02/2025 05:00:00,20.00000,20.00000,"O"
"01-001-038-7911-8197","01-001-038-7911-8197 (Pressure)",06/02/2025 05:15:00,21.70000,21.70000,"O"
"01-001-038-7911-8197","01-001-038-7911-8197 (Pressure)",06/02/2025 05:30:00,21.80000,21.80000,"O"
"01-001-038-7911-8197","01-001-038-7911-8197 (Pressure)",06/02/2025 05:45:00,22.00000,22.00000,"O"
"01-001-038-7911-8197","01-001-038-7911-8197 (Pressure)",06/02/2025 06:00:00,21.90000,21.90000,"O"
"01-001-038-7911-8197","01-001-038-7911-8197 (Pressure)",06/02/2025 06:15:00,21.70000,21.70000,"O"
"01-001-038-7911-8197","01-001-038-7911-8197 (Pressure)",06/02/2025 06:30:00,22.00000,22.00000,"O"
"01-001-038-7911-8197","01-001-038-7911-8197 (Pressure)",06/02/2025 06:45:00,22.50000,22.50000,"O"
"01-001-038-7911-8197","01-001-038-7911-8197 (Pressure)",06/02/2025 07:00:00,22.40000,22.40000,"O"
"01-001-038-7911-8197","01-001-038-7911-8197 (Pressure)",06/02/2025 07:15:00,20.70000,20.70000,"O"
"01-001-038-7911-8197","01-001-038-7911-8197 (Pressure)",06/02/2025 07:30:00,23.20000,23.20000,"O"
"01-001-038-7911-8197","01-001-038-7911-8197 (Pressure)",06/02/2025 07:45:00,22.40000,22.40000,"O"
"01-001-038-7911-8197","01-001-038-7911-8197 (Pressure)",06/02/2025 08:00:00,21.90000,21.90000,"O"
"01-001-038-7911-8197","01-001-038-7911-8197 (Pressure)",06/02/2025 08:15:00,21.80000,21.80000,"O"
"01-001-038-7911-8197","01-001-038-7911-8197 (Pressure)",06/02/2025 08:30:00,22.30000,22.30000,"O"
"01-001-038-7911-8197","01-001-038-7911-8197 (Pressure)",06/02/2025 08:45:00,22.10000,22.10000,"O"
"01-001-038-7911-8197","01-001-038-7911-8197 (Pressure)",06/02/2025 09:00:00,22.30000,22.30000,"O"
"01-001-038-7911-8197","01-001-038-7911-8197 (Pressure)",06/02/2025 09:15:00,22.70000,22.70000,"O"
"01-001-038-7911-8197","01-001-038-7911-8197 (Pressure)",06/02/2025 09:30:00,22.90000,22.90000,"O"
"01-001-038-7911-8197","01-001-038-7911-8197 (Pressure)",06/02/2025 09:45:00,22.50000,22.50000,"O"
"01-001-038-7911-8197","01-001-038-7911-8197 (Pressure)",06/02/2025 10:00:00,22.10000,22.10000,"O"
"01-001-038-7911-8197","01-001-038-7911-8197 (Pressure)",06/02/2025 10:15:00,22.30000,22.30000,"O"
"01-001-038-7911-8197","01-001-038-7911-8197 (Pressure)",06/02/2025 10:30:00,22.40000,22.40000,"O"
"01-001-038-7911-8197","01-001-038-7911-8197 (Pressure)",06/02/2025 10:45:00,22.10000,22.10000,"O"
"01-001-038-7911-8197","01-001-038-7911-8197 (Pressure)",06/02/2025 11:00:00,22.30000,22.30000,"O"
"01-001-038-7911-8197","01-001-038-7911-8197 (Pressure)",06/02/2025 11:15:00,22.00000,22.00000,"O"
"01-001-038-7911-8197","01-001-038-7911-8197 (Pressure)",06/02/2025 11:30:00,22.20000,22.20000,"O"
"01-001-038-7911-8197","01-001-038-7911-8197 (Pressure)",06/02/2025 11:45:00,22.20000,22.20000,"O"
"01-001-038-7911-8197","01-001-038-7911-8197 (Pressure)",06/02/2025 12:00:00,22.30000,22.30000,"O"
"01-001-038-7911-8197","01-001-038-7911-8197 (Pressure)",06/02/2025 12:15:00,22.30000,22.30000,"O"
"01-001-038-7911-8197","01-001-038-7911-8197 (Pressure)",06/02/2025 12:30:00,22.20000,22.20000,"O"
"01-001-038-7911-8197","01-001-038-7911-8197 (Pressure)",06/02/2025 12:45:00,22.30000,22.30000,"O"
"01-001-038-7911-8197","01-001-038-7911-8197 (Pressure)",06/02/2025 13:00:00,22.20000,22.20000,"O"
"01-001-038-7911-8197","01-001-038-7911-8197 (Pressure)",06/02/2025 13:15:00,22.20000,22.20000,"O"
"01-001-038-7911-8197","01-001-038-7911-8197 (Pressure)",06/02/2025 13:30:00,22.10000,22.10000,"O"
"01-001-038-7911-8197","01-001-038-7911-8197 (Pressure)",06/02/2025 13:45:00,22.20000,22.20000,"O"
"01-001-038-7911-8197","01-001-038-7911-8197 (Pressure)",06/02/2025 14:00:00,22.40000,22.40000,"O"
"01-001-038-7911-8197","01-001-038-7911-8197 (Pressure)",06/02/2025 14:15:00,22.20000,22.20000,"O"
"01-001-038-7911-8197","01-001-038-7911-8197 (Pressure)",06/02/2025 14:30:00,22.30000,22.30000,"O"
"01-001-038-7911-8197","01-001-038-7911-8197 (Pressure)",06/02/2025 14:45:00,22.10000,22.10000,"O"
"01-001-038-7911-8197","01-001-038-7911-8197 (Pressure)",06/02/2025 15:00:00,22.20000,22.20000,"O"
"01-001-038-7911-8197","01-001-038-7911-8197 (Pressure)",06/02/2025 15:15:00,21.90000,21.90000,"O"
"01-001-038-7911-8197","01-001-038-7911-8197 (Pressure)",06/02/2025 15:30:00,22.00000,22.00000,"O"
"01-001-038-7911-8197","01-001-038-7911-8197 (Pressure)",06/02/2025 15:45:00,22.10000,22.10000,"O"
"01-001-038-7911-8197","01-001-038-7911-8197 (Pressure)",06/02/2025 16:00:00,21.90000,21.90000,"O"
"01-001-038-7911-8197","01-001-038-7911-8197 (Pressure)",06/02/2025 16:15:00,21.50000,21.50000,"O"
"01-001-038-7911-8197","01-001-038-7911-8197 (Pressure)",06/02/2025 16:30:00,22.10000,22.10000,"O"
"01-001-038-7911-8197","01-001-038-7911-8197 (Pressure)",06/02/2025 16:45:00,22.00000,22.00000,"O"
"01-001-038-7911-8197","01-001-038-7911-8197 (Pressure)",06/02/2025 17:00:00,21.90000,21.90000,"O"
"01-001-038-7911-8197","01-001-038-7911-8197 (Pressure)",06/02/2025 17:15:00,21.20000,21.20000,"O"
"01-001-038-7911-8197","01-001-038-7911-8197 (Pressure)",06/02/2025 17:30:00,22.50000,22.50000,"O"
"01-001-038-7911-8197","01-001-038-7911-8197 (Pressure)",06/02/2025 17:45:00,21.60000,21.60000,"O"
"01-001-038-7911-8197","01-001-038-7911-8197 (Pressure)",06/02/2025 18:00:00,22.20000,22.20000,"O"
"01-001-038-7911-8197","01-001-038-7911-8197 (Pressure)",06/02/2025 18:15:00,21.70000,21.70000,"O"
"01-001-038-7911-8197","01-001-038-7911-8197 (Pressure)",06/02/2025 18:30:00,22.30000,22.30000,"O"
"01-001-038-7911-8197","01-001-038-7911-8197 (Pressure)",06/02/2025 18:45:00,21.90000,21.90000,"O"
"01-001-038-7911-8197","01-001-038-7911-8197 (Pressure)",06/02/2025 19:00:00,22.90000,22.90000,"O"
"01-001-038-7911-8197","01-001-038-7911-8197 (Pressure)",06/02/2025 19:15:00,21.80000,21.80000,"O"
"01-001-038-7911-8197","01-001-038-7911-8197 (Pressure)",06/02/2025 19:30:00,21.70000,21.70000,"O"
"01-001-038-7911-8197","01-001-038-7911-8197 (Pressure)",06/02/2025 19:45:00,22.10000,22.10000,"O"
"01-001-038-7911-8197","01-001-038-7911-8197 (Pressure)",06/02/2025 20:00:00,23.00000,23.00000,"O"
"01-001-038-7911-8197","01-001-038-7911-8197 (Pressure)",06/02/2025 20:15:00,22.20000,22.20000,"O"
"01-001-038-7911-8197","01-001-038-7911-8197 (Pressure)",06/02/2025 20:30:00,23.00000,23.00000,"O"
"01-001-038-7911-8197","01-001-038-7911-8197 (Pressure)",06/02/2025 20:45:00,22.60000,22.60000,"O"
"01-001-038-7911-8197","01-001-038-7911-8197 (Pressure)",06/02/2025 21:00:00,22.00000,22.00000,"O"
"01-001-038-7911-8197","01-001-038-7911-8197 (Pressure)",06/02/2025 21:15:00,22.70000,22.70000,"O"
"01-001-038-7911-8197","01-001-038-7911-8197 (Pressure)",06/02/2025 21:30:00,22.60000,22.60000,"O"
"01-001-038-7911-8197","01-001-038-7911-8197 (Pressure)",06/02/2025 21:45:00,22.20000,22.20000,"O"
"01-001-038-7911-8197","01-001-038-7911-8197 (Pressure)",06/02/2025 22:00:00,21.70000,21.70000,"O"
"01-001-038-7911-8197","01-001-038-7911-8197 (Pressure)",06/02/2025 22:15:00,22.00000,22.00000,"O"
"01-001-038-7911-8197","01-001-038-7911-8197 (Pressure)",06/02/2025 22:30:00,22.40000,22.40000,"O"
"01-001-038-7911-8197","01-001-038-7911-8197 (Pressure)",06/02/2025 22:45:00,22.20000,22.20000,"O"
"01-001-038-7911-8197","01-001-038-7911-8197 (Pressure)",06/02/2025 23:00:00,22.10000,22.10000,"O"
"01-001-038-7911-8197","01-001-038-7911-8197 (Pressure)",06/02/2025 23:15:00,22.00000,22.00000,"O"
"01-001-038-7911-8197","01-001-038-7911-8197 (Pressure)",06/02/2025 23:30:00,21.90000,21.90000,"O"
"01-001-038-7911-8197","01-001-038-7911-8197 (Pressure)",06/02/2025 23:45:00,21.90000,21.90000,"O"
"01-001-038-7911-8197","01-001-038-7911-8197 (Pressure)",07/02/2025 00:00:00,22.10000,22.10000,"O"
"01-001-038-7911-8197","01-001-038-7911-8197 (Pressure)",07/02/2025 00:15:00,22.40000,22.40000,"O"
"01-001-038-7911-8197","01-001-038-7911-8197 (Pressure)",07/02/2025 00:30:00,20.20000,20.20000,"O"
"01-001-038-7911-8197","01-001-038-7911-8197 (Pressure)",07/02/2025 00:45:00,20.10000,20.10000,"O"
"01-001-038-7911-8197","01-001-038-7911-8197 (Pressure)",07/02/2025 01:00:00,20.20000,20.20000,"O"
"01-001-038-7911-8197","01-001-038-7911-8197 (Pressure)",07/02/2025 01:15:00,20.20000,20.20000,"O"
"01-001-038-7911-8197","01-001-038-7911-8197 (Pressure)",07/02/2025 01:30:00,20.10000,20.10000,"O"
"01-001-038-7911-8197","01-001-038-7911-8197 (Pressure)",07/02/2025 01:45:00,20.00000,20.00000,"O"
"01-001-038-7911-8197","01-001-038-7911-8197 (Pressure)",07/02/2025 02:00:00,20.10000,20.10000,"O"
"01-001-038-7911-8197","01-001-038-7911-8197 (Pressure)",07/02/2025 02:15:00,20.00000,20.00000,"O"
"01-001-038-7911-8197","01-001-038-7911-8197 (Pressure)",07/02/2025 02:30:00,20.00000,20.00000,"O"
"01-001-038-7911-8197","01-001-038-7911-8197 (Pressure)",07/02/2025 02:45:00,20.00000,20.00000,"O"
"01-001-038-7911-8197","01-001-038-7911-8197 (Pressure)",07/02/2025 03:00:00,20.20000,20.20000,"O"
"01-001-038-7911-8197","01-001-038-7911-8197 (Pressure)",07/02/2025 03:15:00,20.20000,20.20000,"O"
"01-001-038-7911-8197","01-001-038-7911-8197 (Pressure)",07/02/2025 03:30:00,20.00000,20.00000,"O"
"01-001-038-7911-8197","01-001-038-7911-8197 (Pressure)",07/02/2025 03:45:00,20.00000,20.00000,"O"
"01-001-038-7911-8197","01-001-038-7911-8197 (Pressure)",07/02/2025 04:00:00,20.10000,20.10000,"O"
"01-001-038-7911-8197","01-001-038-7911-8197 (Pressure)",07/02/2025 04:15:00,20.00000,20.00000,"O"
"01-001-038-7911-8197","01-001-038-7911-8197 (Pressure)",07/02/2025 04:30:00,19.90000,19.90000,"O"
"01-001-038-7911-8197","01-001-038-7911-8197 (Pressure)",07/02/2025 04:45:00,19.90000,19.90000,"O"
"01-001-038-7911-8197","01-001-038-7911-8197 (Pressure)",07/02/2025 05:00:00,19.90000,19.90000,"O"
"01-001-038-7911-8197","01-001-038-7911-8197 (Pressure)",07/02/2025 05:15:00,21.90000,21.90000,"O"
"01-001-038-7911-8197","01-001-038-7911-8197 (Pressure)",07/02/2025 05:30:00,21.90000,21.90000,"O"
"01-001-038-7911-8197","01-001-038-7911-8197 (Pressure)",07/02/2025 05:45:00,21.90000,21.90000,"O"
"01-001-038-7911-8197","01-001-038-7911-8197 (Pressure)",07/02/2025 06:00:00,21.80000,21.80000,"O"
"01-001-038-7911-8197","01-001-038-7911-8197 (Pressure)",07/02/2025 06:15:00,21.80000,21.80000,"O"
"01-001-038-7911-8197","01-001-038-7911-8197 (Pressure)",07/02/2025 06:30:00,22.30000,22.30000,"O"
"01-001-038-7911-8197","01-001-038-7911-8197 (Pressure)",07/02/2025 06:45:00,22.20000,22.20000,"O"
"01-001-038-7911-8197","01-001-038-7911-8197 (Pressure)",07/02/2025 07:00:00,22.60000,22.60000,"O"
"01-001-038-7911-8197","01-001-038-7911-8197 (Pressure)",07/02/2025 07:15:00,22.80000,22.80000,"O"
"01-001-038-7911-8197","01-001-038-7911-8197 (Pressure)",07/02/2025 07:30:00,22.40000,22.40000,"O"
"01-001-038-7911-8197","01-001-038-7911-8197 (Pressure)",07/02/2025 07:45:00,22.10000,22.10000,"O"
"01-001-038-7911-8197","01-001-038-7911-8197 (Pressure)",07/02/2025 08:00:00,22.40000,22.40000,"O"
"01-001-038-7911-8197","01-001-038-7911-8197 (Pressure)",07/02/2025 08:15:00,20.10000,20.10000,"O"
"01-001-038-7911-8197","01-001-038-7911-8197 (Pressure)",07/02/2025 08:30:00,22.40000,22.40000,"O"
"01-001-038-7911-8197","01-001-038-7911-8197 (Pressure)",07/02/2025 08:45:00,22.30000,22.30000,"O"
"01-001-038-7911-8197","01-001-038-7911-8197 (Pressure)",07/02/2025 09:00:00,22.20000,22.20000,"O"
"01-001-038-7911-8197","01-001-038-7911-8197 (Pressure)",07/02/2025 09:15:00,22.30000,22.30000,"O"
"01-001-038-7911-8197","01-001-038-7911-8197 (Pressure)",07/02/2025 09:30:00,22.70000,22.70000,"O"
"01-001-038-7911-8197","01-001-038-7911-8197 (Pressure)",07/02/2025 09:45:00,22.70000,22.70000,"O"
"01-001-038-7911-8197","01-001-038-7911-8197 (Pressure)",07/02/2025 10:00:00,22.50000,22.50000,"O"
"01-001-038-7911-8197","01-001-038-7911-8197 (Pressure)",07/02/2025 10:15:00,22.90000,22.90000,"O"
"01-001-038-7911-8197","01-001-038-7911-8197 (Pressure)",07/02/2025 10:30:00,22.90000,22.90000,"O"
"01-001-038-7911-8197","01-001-038-7911-8197 (Pressure)",07/02/2025 10:45:00,22.10000,22.10000,"O"
"01-001-038-7911-8197","01-001-038-7911-8197 (Pressure)",07/02/2025 11:00:00,22.80000,22.80000,"O"
"01-001-038-7911-8197","01-001-038-7911-8197 (Pressure)",07/02/2025 11:15:00,21.90000,21.90000,"O"
"01-001-038-7911-8197","01-001-038-7911-8197 (Pressure)",07/02/2025 11:30:00,22.60000,22.60000,"O"
"01-001-038-7911-8197","01-001-038-7911-8197 (Pressure)",07/02/2025 11:45:00,22.40000,22.40000,"O"
"01-001-038-7911-8197","01-001-038-7911-8197 (Pressure)",07/02/2025 12:00:00,22.40000,22.40000,"O"
"01-001-038-7911-8197","01-001-038-7911-8197 (Pressure)",07/02/2025 12:15:00,22.10000,22.10000,"O"
"01-001-038-7911-8197","01-001-038-7911-8197 (Pressure)",07/02/2025 12:30:00,22.60000,22.60000,"O"
"01-001-038-7911-8197","01-001-038-7911-8197 (Pressure)",07/02/2025 12:45:00,21.80000,21.80000,"O"
"01-001-038-7911-8197","01-001-038-7911-8197 (Pressure)",07/02/2025 13:00:00,22.30000,22.30000,"O"
"01-001-038-7911-8197","01-001-038-7911-8197 (Pressure)",07/02/2025 13:15:00,22.00000,22.00000,"O"
"01-001-038-7911-8197","01-001-038-7911-8197 (Pressure)",07/02/2025 13:30:00,22.10000,22.10000,"O"
"01-001-038-7911-8197","01-001-038-7911-8197 (Pressure)",07/02/2025 13:45:00,21.90000,21.90000,"O"
"01-001-038-7911-8197","01-001-038-7911-8197 (Pressure)",07/02/2025 14:00:00,21.90000,21.90000,"O"
"01-001-038-7911-8197","01-001-038-7911-8197 (Pressure)",07/02/2025 14:15:00,22.10000,22.10000,"O"
"01-001-038-7911-8197","01-001-038-7911-8197 (Pressure)",07/02/2025 14:30:00,22.20000,22.20000,"O"
"01-001-038-7911-8197","01-001-038-7911-8197 (Pressure)",07/02/2025 14:45:00,22.40000,22.40000,"O"
"01-001-038-7911-8197","01-001-038-7911-8197 (Pressure)",07/02/2025 15:00:00,21.90000,21.90000,"O"
"01-001-038-7911-8197","01-001-038-7911-8197 (Pressure)",07/02/2025 15:15:00,22.40000,22.40000,"O"
"01-001-038-7911-8197","01-001-038-7911-8197 (Pressure)",07/02/2025 15:30:00,22.20000,22.20000,"O"
"01-001-038-7911-8197","01-001-038-7911-8197 (Pressure)",07/02/2025 15:45:00,22.00000,22.00000,"O"
"01-001-038-7911-8197","01-001-038-7911-8197 (Pressure)",07/02/2025 16:00:00,22.00000,22.00000,"O"
"01-001-038-7911-8197","01-001-038-7911-8197 (Pressure)",07/02/2025 16:15:00,22.40000,22.40000,"O"
"01-001-038-7911-8197","01-001-038-7911-8197 (Pressure)",07/02/2025 16:30:00,22.30000,22.30000,"O"
"01-001-038-7911-8197","01-001-038-7911-8197 (Pressure)",07/02/2025 16:45:00,22.00000,22.00000,"O"
"01-001-038-7911-8197","01-001-038-7911-8197 (Pressure)",07/02/2025 17:00:00,21.70000,21.70000,"O"
"01-001-038-7911-8197","01-001-038-7911-8197 (Pressure)",07/02/2025 17:15:00,22.30000,22.30000,"O"
"01-001-038-7911-8197","01-001-038-7911-8197 (Pressure)",07/02/2025 17:30:00,22.00000,22.00000,"O"
"01-001-038-7911-8197","01-001-038-7911-8197 (Pressure)",07/02/2025 17:45:00,21.80000,21.80000,"O"
"01-001-038-7911-8197","01-001-038-7911-8197 (Pressure)",07/02/2025 18:00:00,21.60000,21.60000,"O"
"01-001-038-7911-8197","01-001-038-7911-8197 (Pressure)",07/02/2025 18:15:00,22.10000,22.10000,"O"
"01-001-038-7911-8197","01-001-038-7911-8197 (Pressure)",07/02/2025 18:30:00,22.00000,22.00000,"O"
"01-001-038-7911-8197","01-001-038-7911-8197 (Pressure)",07/02/2025 18:45:00,22.00000,22.00000,"O"
"01-001-038-7911-8197","01-001-038-7911-8197 (Pressure)",07/02/2025 19:00:00,22.40000,22.40000,"O"
"01-001-038-7911-8197","01-001-038-7911-8197 (Pressure)",07/02/2025 19:15:00,21.30000,21.30000,"O"
"01-001-038-7911-8197","01-001-038-7911-8197 (Pressure)",07/02/2025 19:30:00,21.70000,21.70000,"O"
"01-001-038-7911-8197","01-001-038-7911-8197 (Pressure)",07/02/2025 19:45:00,22.50000,22.50000,"O"
"01-001-038-7911-8197","01-001-038-7911-8197 (Pressure)",07/02/2025 20:00:00,22.70000,22.70000,"O"
"01-001-038-7911-8197","01-001-038-7911-8197 (Pressure)",07/02/2025 20:15:00,22.40000,22.40000,"O"
"01-001-038-7911-8197","01-001-038-7911-8197 (Pressure)",07/02/2025 20:30:00,22.50000,22.50000,"O"
"01-001-038-7911-8197","01-001-038-7911-8197 (Pressure)",07/02/2025 20:45:00,22.10000,22.10000,"O"
"01-001-038-7911-8197","01-001-038-7911-8197 (Pressure)",07/02/2025 21:00:00,22.40000,22.40000,"O"
"01-001-038-7911-8197","01-001-038-7911-8197 (Pressure)",07/02/2025 21:15:00,21.80000,21.80000,"O"
"01-001-038-7911-8197","01-001-038-7911-8197 (Pressure)",07/02/2025 21:30:00,22.20000,22.20000,"O"
"01-001-038-7911-8197","01-001-038-7911-8197 (Pressure)",07/02/2025 21:45:00,22.30000,22.30000,"O"
"01-001-038-7911-8197","01-001-038-7911-8197 (Pressure)",07/02/2025 22:00:00,22.50000,22.50000,"O"
"01-001-038-7911-8197","01-001-038-7911-8197 (Pressure)",07/02/2025 22:15:00,22.10000,22.10000,"O"
"01-001-038-7911-8197","01-001-038-7911-8197 (Pressure)",07/02/2025 22:30:00,22.30000,22.30000,"O"
"01-001-038-7911-8197","01-001-038-7911-8197 (Pressure)",07/02/2025 22:45:00,22.20000,22.20000,"O"
"01-001-038-7911-8197","01-001-038-7911-8197 (Pressure)",07/02/2025 23:00:00,22.40000,22.40000,"O"
"01-001-038-7911-8197","01-001-038-7911-8197 (Pressure)",07/02/2025 23:15:00,22.40000,22.40000,"O"
"01-001-038-7911-8197","01-001-038-7911-8197 (Pressure)",07/02/2025 23:30:00,22.00000,22.00000,"O"
"01-001-038-7911-8197","01-001-038-7911-8197 (Pressure)",07/02/2025 23:45:00,22.20000,22.20000,"O"
"01-001-038-7911-8197","01-001-038-7911-8197 (Pressure)",08/02/2025 00:00:00,22.00000,22.00000,"O"
"01-001-038-7911-8197","01-001-038-7911-8197 (Pressure)",08/02/2025 00:15:00,22.20000,22.20000,"O"
"01-001-038-7911-8197","01-001-038-7911-8197 (Pressure)",08/02/2025 00:30:00,20.80000,20.80000,"O"
"01-001-038-7911-8197","01-001-038-7911-8197 (Pressure)",08/02/2025 00:45:00,20.30000,20.30000,"O"
"01-001-038-7911-8197","01-001-038-7911-8197 (Pressure)",08/02/2025 01:00:00,20.00000,20.00000,"O"
"01-001-038-7911-8197","01-001-038-7911-8197 (Pressure)",08/02/2025 01:15:00,20.00000,20.00000,"O"
"01-001-038-7911-8197","01-001-038-7911-8197 (Pressure)",08/02/2025 01:30:00,20.20000,20.20000,"O"
"01-001-038-7911-8197","01-001-038-7911-8197 (Pressure)",08/02/2025 01:45:00,19.90000,19.90000,"O"
"01-001-038-7911-8197","01-001-038-7911-8197 (Pressure)",08/02/2025 02:00:00,20.10000,20.10000,"O"
"01-001-038-7911-8197","01-001-038-7911-8197 (Pressure)",08/02/2025 02:15:00,20.10000,20.10000,"O"
"01-001-038-7911-8197","01-001-038-7911-8197 (Pressure)",08/02/2025 02:30:00,20.10000,20.10000,"O"
"01-001-038-7911-8197","01-001-038-7911-8197 (Pressure)",08/02/2025 02:45:00,20.10000,20.10000,"O"
"01-001-038-7911-8197","01-001-038-7911-8197 (Pressure)",08/02/2025 03:00:00,20.00000,20.00000,"O"
"01-001-038-7911-8197","01-001-038-7911-8197 (Pressure)",08/02/2025 03:15:00,20.10000,20.10000,"O"
"01-001-038-7911-8197","01-001-038-7911-8197 (Pressure)",08/02/2025 03:30:00,20.20000,20.20000,"O"
"01-001-038-7911-8197","01-001-038-7911-8197 (Pressure)",08/02/2025 03:45:00,19.80000,19.80000,"O"
"01-001-038-7911-8197","01-001-038-7911-8197 (Pressure)",08/02/2025 04:00:00,20.20000,20.20000,"O"
"01-001-038-7911-8197","01-001-038-7911-8197 (Pressure)",08/02/2025 04:15:00,20.10000,20.10000,"O"
"01-001-038-7911-8197","01-001-038-7911-8197 (Pressure)",08/02/2025 04:30:00,20.00000,20.00000,"O"
"01-001-038-7911-8197","01-001-038-7911-8197 (Pressure)",08/02/2025 04:45:00,20.10000,20.10000,"O"
"01-001-038-7911-8197","01-001-038-7911-8197 (Pressure)",08/02/2025 05:00:00,20.10000,20.10000,"O"
"01-001-038-7911-8197","01-001-038-7911-8197 (Pressure)",08/02/2025 05:15:00,22.00000,22.00000,"O"
"01-001-038-7911-8197","01-001-038-7911-8197 (Pressure)",08/02/2025 05:30:00,22.10000,22.10000,"O"
"01-001-038-7911-8197","01-001-038-7911-8197 (Pressure)",08/02/2025 05:45:00,21.90000,21.90000,"O"
"01-001-038-7911-8197","01-001-038-7911-8197 (Pressure)",08/02/2025 06:00:00,22.10000,22.10000,"O"
"01-001-038-7911-8197","01-001-038-7911-8197 (Pressure)",08/02/2025 06:15:00,22.00000,22.00000,"O"
"01-001-038-7911-8197","01-001-038-7911-8197 (Pressure)",08/02/2025 06:30:00,21.90000,21.90000,"O"
"01-001-038-7911-8197","01-001-038-7911-8197 (Pressure)",08/02/2025 06:45:00,22.00000,22.00000,"O"
"01-001-038-7911-8197","01-001-038-7911-8197 (Pressure)",08/02/2025 07:00:00,21.70000,21.70000,"O"
"01-001-038-7911-8197","01-001-038-7911-8197 (Pressure)",08/02/2025 07:15:00,22.10000,22.10000,"O"
"01-001-038-7911-8197","01-001-038-7911-8197 (Pressure)",08/02/2025 07:30:00,21.90000,21.90000,"O"
"01-001-038-7911-8197","01-001-038-7911-8197 (Pressure)",08/02/2025 07:45:00,22.10000,22.10000,"O"
"01-001-038-7911-8197","01-001-038-7911-8197 (Pressure)",08/02/2025 08:00:00,22.70000,22.70000,"O"
"01-001-038-7911-8197","01-001-038-7911-8197 (Pressure)",08/02/2025 08:15:00,22.20000,22.20000,"O"
"01-001-038-7911-8197","01-001-038-7911-8197 (Pressure)",08/02/2025 08:30:00,22.10000,22.10000,"O"
"01-001-038-7911-8197","01-001-038-7911-8197 (Pressure)",08/02/2025 08:45:00,23.00000,23.00000,"O"
"01-001-038-7911-8197","01-001-038-7911-8197 (Pressure)",08/02/2025 09:00:00,21.90000,21.90000,"O"
"01-001-038-7911-8197","01-001-038-7911-8197 (Pressure)",08/02/2025 09:15:00,21.70000,21.70000,"O"
"01-001-038-7911-8197","01-001-038-7911-8197 (Pressure)",08/02/2025 09:30:00,22.10000,22.10000,"O"
"01-001-038-7911-8197","01-001-038-7911-8197 (Pressure)",08/02/2025 09:45:00,21.30000,21.30000,"O"
"01-001-038-7911-8197","01-001-038-7911-8197 (Pressure)",08/02/2025 10:00:00,23.50000,23.50000,"O"
"01-001-038-7911-8197","01-001-038-7911-8197 (Pressure)",08/02/2025 10:15:00,23.20000,23.20000,"O"
"01-001-038-7911-8197","01-001-038-7911-8197 (Pressure)",08/02/2025 10:30:00,23.00000,23.00000,"O"
"01-001-038-7911-8197","01-001-038-7911-8197 (Pressure)",08/02/2025 10:45:00,22.90000,22.90000,"O"
"01-001-038-7911-8197","01-001-038-7911-8197 (Pressure)",08/02/2025 11:00:00,23.60000,23.60000,"O"
"01-001-038-7911-8197","01-001-038-7911-8197 (Pressure)",08/02/2025 11:15:00,22.20000,22.20000,"O"
"01-001-038-7911-8197","01-001-038-7911-8197 (Pressure)",08/02/2025 11:30:00,22.60000,22.60000,"O"
"01-001-038-7911-8197","01-001-038-7911-8197 (Pressure)",08/02/2025 11:45:00,22.60000,22.60000,"O"
"01-001-038-7911-8197","01-001-038-7911-8197 (Pressure)",08/02/2025 12:00:00,23.20000,23.20000,"O"
"01-001-038-7911-8197","01-001-038-7911-8197 (Pressure)",08/02/2025 12:15:00,22.30000,22.30000,"O"
"01-001-038-7911-8197","01-001-038-7911-8197 (Pressure)",08/02/2025 12:30:00,21.70000,21.70000,"O"
"01-001-038-7911-8197","01-001-038-7911-8197 (Pressure)",08/02/2025 12:45:00,23.50000,23.50000,"O"
"01-001-038-7911-8197","01-001-038-7911-8197 (Pressure)",08/02/2025 13:00:00,22.10000,22.10000,"O"
"01-001-038-7911-8197","01-001-038-7911-8197 (Pressure)",08/02/2025 13:15:00,22.60000,22.60000,"O"
"01-001-038-7911-8197","01-001-038-7911-8197 (Pressure)",08/02/2025 13:30:00,22.20000,22.20000,"O"
"01-001-038-7911-8197","01-001-038-7911-8197 (Pressure)",08/02/2025 13:45:00,21.80000,21.80000,"O"
"01-001-038-7911-8197","01-001-038-7911-8197 (Pressure)",08/02/2025 14:00:00,22.50000,22.50000,"O"
"01-001-038-7911-8197","01-001-038-7911-8197 (Pressure)",08/02/2025 14:15:00,23.10000,23.10000,"O"
"01-001-038-7911-8197","01-001-038-7911-8197 (Pressure)",08/02/2025 14:30:00,22.10000,22.10000,"O"
"01-001-038-7911-8197","01-001-038-7911-8197 (Pressure)",08/02/2025 14:45:00,22.40000,22.40000,"O"
"01-001-038-7911-8197","01-001-038-7911-8197 (Pressure)",08/02/2025 15:00:00,21.70000,21.70000,"O"
"01-001-038-7911-8197","01-001-038-7911-8197 (Pressure)",08/02/2025 15:15:00,22.20000,22.20000,"O"
"01-001-038-7911-8197","01-001-038-7911-8197 (Pressure)",08/02/2025 15:30:00,22.10000,22.10000,"O"
"01-001-038-7911-8197","01-001-038-7911-8197 (Pressure)",08/02/2025 15:45:00,22.10000,22.10000,"O"
"01-001-038-7911-8197","01-001-038-7911-8197 (Pressure)",08/02/2025 16:00:00,22.00000,22.00000,"O"
"01-001-038-7911-8197","01-001-038-7911-8197 (Pressure)",08/02/2025 16:15:00,22.10000,22.10000,"O"
"01-001-038-7911-8197","01-001-038-7911-8197 (Pressure)",08/02/2025 16:30:00,22.50000,22.50000,"O"
"01-001-038-7911-8197","01-001-038-7911-8197 (Pressure)",08/02/2025 16:45:00,22.20000,22.20000,"O"
"01-001-038-7911-8197","01-001-038-7911-8197 (Pressure)",08/02/2025 17:00:00,21.90000,21.90000,"O"
"01-001-038-7911-8197","01-001-038-7911-8197 (Pressure)",08/02/2025 17:15:00,22.10000,22.10000,"O"
"01-001-038-7911-8197","01-001-038-7911-8197 (Pressure)",08/02/2025 17:30:00,21.80000,21.80000,"O"
"01-001-038-7911-8197","01-001-038-7911-8197 (Pressure)",08/02/2025 17:45:00,21.90000,21.90000,"O"
"01-001-038-7911-8197","01-001-038-7911-8197 (Pressure)",08/02/2025 18:00:00,22.10000,22.10000,"O"
"01-001-038-7911-8197","01-001-038-7911-8197 (Pressure)",08/02/2025 18:15:00,21.60000,21.60000,"O"
"01-001-038-7911-8197","01-001-038-7911-8197 (Pressure)",08/02/2025 18:30:00,22.00000,22.00000,"O"
"01-001-038-7911-8197","01-001-038-7911-8197 (Pressure)",08/02/2025 18:45:00,22.40000,22.40000,"O"
"01-001-038-7911-8197","01-001-038-7911-8197 (Pressure)",08/02/2025 19:00:00,22.20000,22.20000,"O"
"01-001-038-7911-8197","01-001-038-7911-8197 (Pressure)",08/02/2025 19:15:00,22.20000,22.20000,"O"
"01-001-038-7911-8197","01-001-038-7911-8197 (Pressure)",08/02/2025 19:30:00,22.30000,22.30000,"O"
"01-001-038-7911-8197","01-001-038-7911-8197 (Pressure)",08/02/2025 19:45:00,22.20000,22.20000,"O"
"01-001-038-7911-8197","01-001-038-7911-8197 (Pressure)",08/02/2025 20:00:00,23.10000,23.10000,"O"
"01-001-038-7911-8197","01-001-038-7911-8197 (Pressure)",08/02/2025 20:15:00,22.30000,22.30000,"O"
"01-001-038-7911-8197","01-001-038-7911-8197 (Pressure)",08/02/2025 20:30:00,22.90000,22.90000,"O"
"01-001-038-7911-8197","01-001-038-7911-8197 (Pressure)",08/02/2025 20:45:00,22.10000,22.10000,"O"
"01-001-038-7911-8197","01-001-038-7911-8197 (Pressure)",08/02/2025 21:00:00,22.20000,22.20000,"O"
"01-001-038-7911-8197","01-001-038-7911-8197 (Pressure)",08/02/2025 21:15:00,22.20000,22.20000,"O"
"01-001-038-7911-8197","01-001-038-7911-8197 (Pressure)",08/02/2025 21:30:00,22.20000,22.20000,"O"
"01-001-038-7911-8197","01-001-038-7911-8197 (Pressure)",08/02/2025 21:45:00,22.20000,22.20000,"O"
"01-001-038-7911-8197","01-001-038-7911-8197 (Pressure)",08/02/2025 22:00:00,22.10000,22.10000,"O"
"01-001-038-7911-8197","01-001-038-7911-8197 (Pressure)",08/02/2025 22:15:00,22.30000,22.30000,"O"
"01-001-038-7911-8197","01-001-038-7911-8197 (Pressure)",08/02/2025 22:30:00,22.10000,22.10000,"O"
"01-001-038-7911-8197","01-001-038-7911-8197 (Pressure)",08/02/2025 22:45:00,22.60000,22.60000,"O"
"01-001-038-7911-8197","01-001-038-7911-8197 (Pressure)",08/02/2025 23:00:00,22.20000,22.20000,"O"
"01-001-038-7911-8197","01-001-038-7911-8197 (Pressure)",08/02/2025 23:15:00,22.20000,22.20000,"O"
"01-001-038-7911-8197","01-001-038-7911-8197 (Pressure)",08/02/2025 23:30:00,22.20000,22.20000,"O"
"01-001-038-7911-8197","01-001-038-7911-8197 (Pressure)",08/02/2025 23:45:00,22.10000,22.10000,"O"
"01-001-038-7911-8197","01-001-038-7911-8197 (Pressure)",09/02/2025 00:00:00,22.10000,22.10000,"O"
"01-001-038-7911-8197","01-001-038-7911-8197 (Pressure)",09/02/2025 00:15:00,22.40000,22.40000,"O"
"01-001-038-7911-8197","01-001-038-7911-8197 (Pressure)",09/02/2025 00:30:00,20.90000,20.90000,"O"
"01-001-038-7911-8197","01-001-038-7911-8197 (Pressure)",09/02/2025 00:45:00,19.70000,19.70000,"O"
"01-001-038-7911-8197","01-001-038-7911-8197 (Pressure)",09/02/2025 01:00:00,20.00000,20.00000,"O"
"01-001-038-7911-8197","01-001-038-7911-8197 (Pressure)",09/02/2025 01:15:00,19.70000,19.70000,"O"
"01-001-038-7911-8197","01-001-038-7911-8197 (Pressure)",09/02/2025 01:30:00,20.00000,20.00000,"O"
"01-001-038-7911-8197","01-001-038-7911-8197 (Pressure)",09/02/2025 01:45:00,20.20000,20.20000,"O"
"01-001-038-7911-8197","01-001-038-7911-8197 (Pressure)",09/02/2025 02:00:00,20.20000,20.20000,"O"
"01-001-038-7911-8197","01-001-038-7911-8197 (Pressure)",09/02/2025 02:15:00,20.40000,20.40000,"O"
"01-001-038-7911-8197","01-001-038-7911-8197 (Pressure)",09/02/2025 02:30:00,20.50000,20.50000,"O"
"01-001-038-7911-8197","01-001-038-7911-8197 (Pressure)",09/02/2025 02:45:00,20.30000,20.30000,"O"
"01-001-038-7911-8197","01-001-038-7911-8197 (Pressure)",09/02/2025 03:00:00,20.30000,20.30000,"O"
"01-001-038-7911-8197","01-001-038-7911-8197 (Pressure)",09/02/2025 03:15:00,20.30000,20.30000,"O"
"01-001-038-7911-8197","01-001-038-7911-8197 (Pressure)",09/02/2025 03:30:00,20.40000,20.40000,"O"
"01-001-038-7911-8197","01-001-038-7911-8197 (Pressure)",09/02/2025 03:45:00,20.30000,20.30000,"O"
"01-001-038-7911-8197","01-001-038-7911-8197 (Pressure)",09/02/2025 04:00:00,20.60000,20.60000,"O"
"01-001-038-7911-8197","01-001-038-7911-8197 (Pressure)",09/02/2025 04:15:00,20.50000,20.50000,"O"
"01-001-038-7911-8197","01-001-038-7911-8197 (Pressure)",09/02/2025 04:30:00,20.50000,20.50000,"O"
"01-001-038-7911-8197","01-001-038-7911-8197 (Pressure)",09/02/2025 04:45:00,20.50000,20.50000,"O"
"01-001-038-7911-8197","01-001-038-7911-8197 (Pressure)",09/02/2025 05:00:00,20.60000,20.60000,"O"
"01-001-038-7911-8197","01-001-038-7911-8197 (Pressure)",09/02/2025 05:15:00,21.70000,21.70000,"O"
"01-001-038-7911-8197","01-001-038-7911-8197 (Pressure)",09/02/2025 05:30:00,21.50000,21.50000,"O"
"01-001-038-7911-8197","01-001-038-7911-8197 (Pressure)",09/02/2025 05:45:00,22.20000,22.20000,"O"
"01-001-038-7911-8197","01-001-038-7911-8197 (Pressure)",09/02/2025 06:00:00,22.00000,22.00000,"O"
"01-001-038-7911-8197","01-001-038-7911-8197 (Pressure)",09/02/2025 06:15:00,22.30000,22.30000,"O"
"01-001-038-7911-8197","01-001-038-7911-8197 (Pressure)",09/02/2025 06:30:00,22.30000,22.30000,"O"
"01-001-038-7911-8197","01-001-038-7911-8197 (Pressure)",09/02/2025 06:45:00,22.30000,22.30000,"O"
"01-001-038-7911-8197","01-001-038-7911-8197 (Pressure)",09/02/2025 07:00:00,22.50000,22.50000,"O"
"01-001-038-7911-8197","01-001-038-7911-8197 (Pressure)",09/02/2025 07:15:00,22.00000,22.00000,"O"
"01-001-038-7911-8197","01-001-038-7911-8197 (Pressure)",09/02/2025 07:30:00,21.80000,21.80000,"O"
"01-001-038-7911-8197","01-001-038-7911-8197 (Pressure)",09/02/2025 07:45:00,22.00000,22.00000,"O"
"01-001-038-7911-8197","01-001-038-7911-8197 (Pressure)",09/02/2025 08:00:00,22.20000,22.20000,"O"
"01-001-038-7911-8197","01-001-038-7911-8197 (Pressure)",09/02/2025 08:15:00,21.80000,21.80000,"O"
"01-001-038-7911-8197","01-001-038-7911-8197 (Pressure)",09/02/2025 08:30:00,22.50000,22.50000,"O"
"01-001-038-7911-8197","01-001-038-7911-8197 (Pressure)",09/02/2025 08:45:00,22.10000,22.10000,"O"
"01-001-038-7911-8197","01-001-038-7911-8197 (Pressure)",09/02/2025 09:00:00,21.70000,21.70000,"O"
"01-001-038-7911-8197","01-001-038-7911-8197 (Pressure)",09/02/2025 09:15:00,22.10000,22.10000,"O"
"01-001-038-7911-8197","01-001-038-7911-8197 (Pressure)",09/02/2025 09:30:00,21.00000,21.00000,"O"
"01-001-038-7911-8197","01-001-038-7911-8197 (Pressure)",09/02/2025 09:45:00,22.50000,22.50000,"O"
"01-001-038-7911-8197","01-001-038-7911-8197 (Pressure)",09/02/2025 10:00:00,22.80000,22.80000,"O"
"01-001-038-7911-8197","01-001-038-7911-8197 (Pressure)",09/02/2025 10:15:00,20.70000,20.70000,"O"
"01-001-038-7911-8197","01-001-038-7911-8197 (Pressure)",09/02/2025 10:30:00,22.50000,22.50000,"O"
"01-001-038-7911-8197","01-001-038-7911-8197 (Pressure)",09/02/2025 10:45:00,21.80000,21.80000,"O"
"01-001-038-7911-8197","01-001-038-7911-8197 (Pressure)",09/02/2025 11:00:00,22.40000,22.40000,"O"
"01-001-038-7911-8197","01-001-038-7911-8197 (Pressure)",09/02/2025 11:15:00,21.40000,21.40000,"O"
"01-001-038-7911-8197","01-001-038-7911-8197 (Pressure)",09/02/2025 11:30:00,22.40000,22.40000,"O"
"01-001-038-7911-8197","01-001-038-7911-8197 (Pressure)",09/02/2025 11:45:00,21.90000,21.90000,"O"
"01-001-038-7911-8197","01-001-038-7911-8197 (Pressure)",09/02/2025 12:00:00,21.30000,21.30000,"O"
"01-001-038-7911-8197","01-001-038-7911-8197 (Pressure)",09/02/2025 12:15:00,21.60000,21.60000,"O"
"01-001-038-7911-8197","01-001-038-7911-8197 (Pressure)",09/02/2025 12:30:00,22.70000,22.70000,"O"
"01-001-038-7911-8197","01-001-038-7911-8197 (Pressure)",09/02/2025 12:45:00,22.20000,22.20000,"O"
"01-001-038-7911-8197","01-001-038-7911-8197 (Pressure)",09/02/2025 13:00:00,22.80000,22.80000,"O"
"01-001-038-7911-8197","01-001-038-7911-8197 (Pressure)",09/02/2025 13:15:00,22.10000,22.10000,"O"
"01-001-038-7911-8197","01-001-038-7911-8197 (Pressure)",09/02/2025 13:30:00,21.80000,21.80000,"O"
"01-001-038-7911-8197","01-001-038-7911-8197 (Pressure)",09/02/2025 13:45:00,23.30000,23.30000,"O"
"01-001-038-7911-8197","01-001-038-7911-8197 (Pressure)",09/02/2025 14:00:00,23.00000,23.00000,"O"
"01-001-038-7911-8197","01-001-038-7911-8197 (Pressure)",09/02/2025 14:15:00,21.60000,21.60000,"O"
"01-001-038-7911-8197","01-001-038-7911-8197 (Pressure)",09/02/2025 14:30:00,22.70000,22.70000,"O"
"01-001-038-7911-8197","01-001-038-7911-8197 (Pressure)",09/02/2025 14:45:00,21.60000,21.60000,"O"
"01-001-038-7911-8197","01-001-038-7911-8197 (Pressure)",09/02/2025 15:00:00,22.30000,22.30000,"O"
"01-001-038-7911-8197","01-001-038-7911-8197 (Pressure)",09/02/2025 15:15:00,21.60000,21.60000,"O"
"01-001-038-7911-8197","01-001-038-7911-8197 (Pressure)",09/02/2025 15:30:00,22.60000,22.60000,"O"
"01-001-038-7911-8197","01-001-038-7911-8197 (Pressure)",09/02/2025 15:45:00,21.60000,21.60000,"O"
"01-001-038-7911-8197","01-001-038-7911-8197 (Pressure)",09/02/2025 16:00:00,21.90000,21.90000,"O"
"01-001-038-7911-8197","01-001-038-7911-8197 (Pressure)",09/02/2025 16:15:00,21.70000,21.70000,"O"
"01-001-038-7911-8197","01-001-038-7911-8197 (Pressure)",09/02/2025 16:30:00,22.30000,22.30000,"O"
"01-001-038-7911-8197","01-001-038-7911-8197 (Pressure)",09/02/2025 16:45:00,21.90000,21.90000,"O"
"01-001-038-7911-8197","01-001-038-7911-8197 (Pressure)",09/02/2025 17:00:00,21.80000,21.80000,"O"
"01-001-038-7911-8197","01-001-038-7911-8197 (Pressure)",09/02/2025 17:15:00,22.50000,22.50000,"O"
"01-001-038-7911-8197","01-001-038-7911-8197 (Pressure)",09/02/2025 17:30:00,21.50000,21.50000,"O"
"01-001-038-7911-8197","01-001-038-7911-8197 (Pressure)",09/02/2025 17:45:00,21.30000,21.30000,"O"
"01-001-038-7911-8197","01-001-038-7911-8197 (Pressure)",09/02/2025 18:00:00,22.50000,22.50000,"O"
"01-001-038-7911-8197","01-001-038-7911-8197 (Pressure)",09/02/2025 18:15:00,22.00000,22.00000,"O"
"01-001-038-7911-8197","01-001-038-7911-8197 (Pressure)",09/02/2025 18:30:00,21.50000,21.50000,"O"
"01-001-038-7911-8197","01-001-038-7911-8197 (Pressure)",09/02/2025 18:45:00,20.70000,20.70000,"O"
"01-001-038-7911-8197","01-001-038-7911-8197 (Pressure)",09/02/2025 19:00:00,22.20000,22.20000,"O"
"01-001-038-7911-8197","01-001-038-7911-8197 (Pressure)",09/02/2025 19:15:00,22.00000,22.00000,"O"
"01-001-038-7911-8197","01-001-038-7911-8197 (Pressure)",09/02/2025 19:30:00,22.50000,22.50000,"O"
"01-001-038-7911-8197","01-001-038-7911-8197 (Pressure)",09/02/2025 19:45:00,21.90000,21.90000,"O"
"01-001-038-7911-8197","01-001-038-7911-8197 (Pressure)",09/02/2025 20:00:00,22.40000,22.40000,"O"
"01-001-038-7911-8197","01-001-038-7911-8197 (Pressure)",09/02/2025 20:15:00,21.90000,21.90000,"O"
"01-001-038-7911-8197","01-001-038-7911-8197 (Pressure)",09/02/2025 20:30:00,22.30000,22.30000,"O"
"01-001-038-7911-8197","01-001-038-7911-8197 (Pressure)",09/02/2025 20:45:00,22.30000,22.30000,"O"
"01-001-038-7911-8197","01-001-038-7911-8197 (Pressure)",09/02/2025 21:00:00,22.60000,22.60000,"O"
"01-001-038-7911-8197","01-001-038-7911-8197 (Pressure)",09/02/2025 21:15:00,22.30000,22.30000,"O"
"01-001-038-7911-8197","01-001-038-7911-8197 (Pressure)",09/02/2025 21:30:00,22.90000,22.90000,"O"
"01-001-038-7911-8197","01-001-038-7911-8197 (Pressure)",09/02/2025 21:45:00,22.10000,22.10000,"O"
"01-001-038-7911-8197","01-001-038-7911-8197 (Pressure)",09/02/2025 22:00:00,22.10000,22.10000,"O"
"01-001-038-7911-8197","01-001-038-7911-8197 (Pressure)",09/02/2025 22:15:00,21.90000,21.90000,"O"
"01-001-038-7911-8197","01-001-038-7911-8197 (Pressure)",09/02/2025 22:30:00,22.30000,22.30000,"O"
"01-001-038-7911-8197","01-001-038-7911-8197 (Pressure)",09/02/2025 22:45:00,22.30000,22.30000,"O"
"01-001-038-7911-8197","01-001-038-7911-8197 (Pressure)",09/02/2025 23:00:00,22.70000,22.70000,"O"
"01-001-038-7911-8197","01-001-038-7911-8197 (Pressure)",09/02/2025 23:15:00,22.40000,22.40000,"O"
"01-001-038-7911-8197","01-001-038-7911-8197 (Pressure)",09/02/2025 23:30:00,22.20000,22.20000,"O"
"01-001-038-7911-8197","01-001-038-7911-8197 (Pressure)",09/02/2025 23:45:00,22.20000,22.20000,"O"
